DROP TABLE IF EXISTS account_images;
DROP TABLE IF EXISTS group_images;
DROP TABLE IF EXISTS images;
DROP TABLE IF EXISTS group_members;
DROP TABLE IF EXISTS groups;
DROP TABLE IF EXISTS friends;
DROP TABLE IF EXISTS phones;
DROP TABLE IF EXISTS work_phones;
DROP TABLE IF EXISTS account;

CREATE TABLE account (
  ID                BIGINT NOT NULL AUTO_INCREMENT,
  FIRST_NAME        VARCHAR(100),
  LAST_NAME         VARCHAR(100),
  MIDDLE_NAME       VARCHAR(100),
  BIRTHDAY          DATE,
  EMAIL             VARCHAR(255),
  ADDRESS           VARCHAR(255),
  WORK_ADDRESS      VARCHAR(255),
  ICQ               VARCHAR(100),
  SKYPE             VARCHAR(100),
  INFO              VARCHAR(255),
  PASSWORD          VARCHAR(255),
  ROLE              VARCHAR(10)     DEFAULT 'USER',
  REGISTRATION_DATE TIMESTAMP       DEFAULT CURRENT_TIMESTAMP(),
  VERSION           BIGINT          DEFAULT 0,
  PRIMARY KEY (ID),
  UNIQUE (EMAIL)
);

CREATE TABLE phones (
  PHONE      CHAR(12) NOT NULL,
  ACCOUNT_ID BIGINT,
  FOREIGN KEY (ACCOUNT_ID) REFERENCES account (ID)
    ON DELETE CASCADE
);

CREATE TABLE work_phones (
  PHONE      CHAR(12) NOT NULL,
  ACCOUNT_ID BIGINT,
  FOREIGN KEY (ACCOUNT_ID) REFERENCES account (ID)
    ON DELETE CASCADE
);

CREATE TABLE friends (
  ID         BIGINT NOT NULL AUTO_INCREMENT,
  ACCOUNT_ID BIGINT,
  FRIEND_ID  BIGINT,
  CATEGORY   VARCHAR(20),
  FOREIGN KEY (ACCOUNT_ID) REFERENCES account (ID)
    ON DELETE CASCADE,
  FOREIGN KEY (FRIEND_ID) REFERENCES account (ID)
    ON DELETE CASCADE,
  PRIMARY KEY (ID)
);

CREATE TABLE groups (
  ID          BIGINT       NOT NULL AUTO_INCREMENT,
  GROUP_NAME  VARCHAR(100) NOT NULL,
  OWNER       BIGINT,
  DESCRIPTION VARCHAR(255),
  PRIMARY KEY (ID),

  UNIQUE (GROUP_NAME)
);

CREATE TABLE group_members (
  GROUP_ID   BIGINT NOT NULL,
  ACCOUNT_ID BIGINT NOT NULL,
  FOREIGN KEY (GROUP_ID) REFERENCES groups (ID)
    ON DELETE CASCADE,
  FOREIGN KEY (ACCOUNT_ID) REFERENCES account (ID)
    ON DELETE CASCADE
);

CREATE TABLE images (
  ID      BIGINT   NOT NULL AUTO_INCREMENT,
  NAME    VARCHAR(255),
  EXT     VARCHAR(5),
  CONTENT LONGBLOB NOT NULL,
  PRIMARY KEY (ID)
);

CREATE TABLE account_images (
  IMAGE_ID   BIGINT NOT NULL,
  ACCOUNT_ID BIGINT NOT NULL,
  FOREIGN KEY (IMAGE_ID) REFERENCES images (ID)
    ON DELETE CASCADE,
  FOREIGN KEY (ACCOUNT_ID) REFERENCES account (ID)
    ON DELETE CASCADE
);

CREATE TABLE group_images (
  IMAGE_ID BIGINT NOT NULL,
  GROUP_ID BIGINT NOT NULL,
  FOREIGN KEY (IMAGE_ID) REFERENCES images (ID)
    ON DELETE CASCADE,
  FOREIGN KEY (GROUP_ID) REFERENCES groups (ID)
    ON DELETE CASCADE
);

INSERT INTO account (ID, FIRST_NAME, LAST_NAME, MIDDLE_NAME, BIRTHDAY,
                     EMAIL, ADDRESS, WORK_ADDRESS, ICQ, SKYPE, INFO, PASSWORD, ROLE) VALUES
  (1, 'Ivan', 'Ivanov', 'Ivanovich', '1991-02-08', 'ivan91@ya.ru',
      'Privolnaya, 57', 'Privolnaya, 58', '12345678', 'ivan91', 'extra', 'ivan1234', 'USER'),
  (2, 'Petr', 'Petrov', 'Petrovich', '1983-12-31',
      '-petr83-@ya.ru', 'Moscow', 'Moscow', '12344321', 'petr83', '', '-petrov-', 'USER'),
  (3, 'Poligraph', 'Sharikov', 'Poligraphich', '1977-06-12', 'sharikov77@ya.ru',
      'Lenina, 32', 'Lenina, 44', '12346543', 'sharikov77', NULL, 'poligraf', 'USER'),
  (4, 'Master', 'Overlord', 'Admin', '2200-01-01', 'su@mail.com', 'Galaxy',
      'social-network', '99999999', 'su', 'super user', 'superuser', 'ADMIN');

INSERT INTO phones (PHONE, ACCOUNT_ID) VALUES
  ('+79059998811', 1), ('+79059998812', 1),
  ('+79059998821', 2), ('+79059998822', 2),
  ('+79059998831', 3), ('+79059998832', 3),
  ('+79059998841', 4), ('+79059998842', 4);

INSERT INTO work_phones (PHONE, ACCOUNT_ID) VALUES
  ('+79059998813', 1), ('+79059998814', 1),
  ('+79059998823', 2), ('+79059998824', 2),
  ('+79059998833', 3), ('+79059998834', 3),
  ('+79059998843', 4), ('+79059998844', 4);

INSERT INTO friends (ACCOUNT_ID, FRIEND_ID, CATEGORY) VALUES
  (1, 2, 'FRIEND'), (2, 1, 'FRIEND'), (2, 3, 'UNIVERSITY'), (3, 2, 'FRIEND');

INSERT INTO groups (ID, GROUP_NAME, OWNER) VALUES (1, 'firstG', 1), (2, 'secondG', 3), (3, 'thirdG', 2);

INSERT INTO group_members (GROUP_ID, ACCOUNT_ID) VALUES (1, 1), (1, 2), (2, 1), (2, 3), (3, 2), (3, 3);